id,title,description,availability,condition,price,link,image_link,brand,google_product_category
62,La Vie en Rouge – Rosas Premium Mérida | Delour Floristería,"Descubre La Vie en Rouge, rosas premium con diseño exclusivo. Entrega de flores a domicilio en Mérida en tiempo récord. ¡Ordena ahora!",in_stock,new,710.00 MXN,https://delour.mx/productos/vie-rouge-merida,https://delour.mx/rails/active_storage/blobs/proxy/eyJfcmFpbHMiOnsiZGF0YSI6NzY4LCJwdXIiOiJibG9iX2lkIn19--a741f22a3472e9d05f24cfe0462c194f9b5473d7/La-vie-en-rouge-ramos-de-rosas-en-merida.webp,Delour,2899
64,Bellarosa – Ramo de rosas premium en Mérida | Delour,"Regala elegancia con el ramo Bellarosa de rosas premium. Entrega a domicilio en Mérida, Yucatán. ¡Ordena ahora y sorprende!",in_stock,new,1150.00 MXN,https://delour.mx/productos/ramo-bellarosa-merida-domicilio,https://delour.mx/rails/active_storage/blobs/proxy/eyJfcmFpbHMiOnsiZGF0YSI6MTEyNywicHVyIjoiYmxvYl9pZCJ9fQ==--4d7d16793dee43434f44a2bd41891aea37b08634/Bella-Rosa-ramo-de-rosas-rosadas-en-me%CC%81rida.webp,Delour,2899
20,Dulce Detalle: Arreglo Floral en Mérida - Delour,"Descubre Dulce Detalle, arreglo floral con rosas rosadas y marfil en vaso térmico. Entrega rápida en Mérida, Yucatán. Regala encanto con Delour Floristería. ¡Ordena ahora!",in_stock,new,1150.00 MXN,https://delour.mx/productos/dulce-detalle-arreglo-floral-merida,https://delour.mx/rails/active_storage/blobs/proxy/eyJfcmFpbHMiOnsiZGF0YSI6MjQwLCJwdXIiOiJibG9iX2lkIn19--ee0301b81e963d1abb298994d1b86ab9313148c4/dulce-detalle-floreria-en-merida.webp,Delour,2899
86,Incanto: Flores de Lujo en Mérida | Delour,"Descubre Incanto, el ramo floral de Delour. Envío a domicilio en Mérida. Elegancia y ternura en cada detalle. ¡Pide el tuyo!",in_stock,new,1149.00 MXN,https://delour.mx/productos/ramo-incanto-flores-merida,https://delour.mx/rails/active_storage/blobs/proxy/eyJfcmFpbHMiOnsiZGF0YSI6MTIxMywicHVyIjoiYmxvYl9pZCJ9fQ==--bb6d8dc8430ce2922718213772383da869c85a3c/Incanto-ramos-de-rosas-en-merida.webp,Delour,2899
68,Serenata Delour – Rosas en Mérida | Delour Floristería,"Descubre el ramo Serenata Delour, 12 o 24 rosas premium con diseño europeo. Entrega rápida a domicilio en Mérida. Ordena ahora y sorprende.",in_stock,new,1420.00 MXN,https://delour.mx/productos/serenata-delour-merida,https://delour.mx/rails/active_storage/blobs/proxy/eyJfcmFpbHMiOnsiZGF0YSI6Nzk2LCJwdXIiOiJibG9iX2lkIn19--341482949b678805e636838048bc010e42a46332/Serenata-Delour-ramo-de-rosas-en-merida.webp,Delour,2899
65,Blanc Crème: Rosas Blancas Mérida | Delour Floristería,Elegante ramo Blanc Crème de rosas blancas premium. ¡Entrega floral en Mérida! Paz y sofisticación. Compra segura en Delour Floristería.,in_stock,new,685.00 MXN,https://delour.mx/productos/ramo-rosas-blancas-premium-merida-delour,https://delour.mx/rails/active_storage/blobs/proxy/eyJfcmFpbHMiOnsiZGF0YSI6NzM0LCJwdXIiOiJibG9iX2lkIn19--bc548b5ea793ed198ffc22b2068793d7b0042de2/Blanc-Creme%CC%81-ramo-de-rosas-en-merida.%20Romantico%20Atardecer.webp,Delour,2899
71,Dulce Momento: Flores Lujo Mérida - Delour,"Celebra momentos únicos con Dulce Momento, arreglos florales exclusivos en Mérida. Elegancia y frescura entregada a domicilio. ¡Sorprende hoy!",in_stock,new,1299.00 MXN,https://delour.mx/productos/dulce-momento-arreglos-flores-lujo-merida,https://delour.mx/rails/active_storage/blobs/proxy/eyJfcmFpbHMiOnsiZGF0YSI6ODQ3LCJwdXIiOiJibG9iX2lkIn19--aad470cc175c1eac49ea79afabe52706198b5c9a/Dulce-momento-florerias-en-merida.webp,Delour,2899
67,Rouge Amour: rosas rojas en Mérida | Delour Floristería,"Sorprende con Rouge Amour, ramo de 24‑48 rosas rojas premium y empapelado coreano, entrega rápida a domicilio en Mérida. ¡Ordena ahora!",in_stock,new,2180.00 MXN,https://delour.mx/productos/rouge-amour-rosas-rojas-merida,https://delour.mx/rails/active_storage/blobs/proxy/eyJfcmFpbHMiOnsiZGF0YSI6MTE5MywicHVyIjoiYmxvYl9pZCJ9fQ==--15c9b99fdcece1d8cc0b2379c0238ad3f3ea2499/Rouge-amour-ramos-de-rosas-en-merida.webp,Delour,2899
63,Golden Dubai: Flores Lujo Mérida | Delour,Descubre Golden Dubai by Delour: rosas premium con oro en Mérida. Envío de lujo a domicilio. ¡Regalo inolvidable!,in_stock,new,2790.00 MXN,https://delour.mx/productos/golden-dubai-regalo-flores-lujo-merida,https://delour.mx/rails/active_storage/blobs/proxy/eyJfcmFpbHMiOnsiZGF0YSI6Njk4LCJwdXIiOiJibG9iX2lkIn19--9ed1921e3a8007a07dbaf666013ebdf21a082779/Golden-dubai-flores-doradas-florerias-en-merida.webp,Delour,2899
27,Eau de Lune: Bouquet Elegante en Mérida | Delour,"Descubre Eau de Lune, bouquet de lirios blancos y hortensias en Delour Floristería. Entrega rápida a domicilio en Mérida, Yucatán. Expresa gratitud con elegancia atemporal. ¡Ordena ahora!",in_stock,new,1300.00 MXN,https://delour.mx/productos/eau-de-lune-bouquet-merida-yucatan,https://delour.mx/rails/active_storage/blobs/proxy/eyJfcmFpbHMiOnsiZGF0YSI6NjU5LCJwdXIiOiJibG9iX2lkIn19--55f3d18432a81d8f2d941373740743bfd6b8a640/Eau-de-Lune-ramos-de-flores-en-merida.webp,Delour,2899
69,Cotton Rosé - Ramo de lujo en Mérida | Delour Floristería,Descubre el elegante ramo Cotton Rosé con rosas premium y algodón natural. Entrega a domicilio en Mérida. ¡Ordena ahora en Delour Floristería!,in_stock,new,1450.00 MXN,https://delour.mx/productos/cotton-rose-merida,https://delour.mx/rails/active_storage/blobs/proxy/eyJfcmFpbHMiOnsiZGF0YSI6ODEzLCJwdXIiOiJibG9iX2lkIn19--fb856774a302d17e25da0f59e3b518f8caad7661/Coton-Rose%CC%81-Ramos-de-flores-en-merida.webp,Delour,2899
78,Amour de París | Rosas Rojas Mérida | Delour,"Descubre Amour de París: Ramo de rosas rojas para regalar en Mérida. Elegancia y frescura, entrega a domicilio. ¡Compra online en Delour Floristería Yucatán!",in_stock,new,685.00 MXN,https://delour.mx/productos/amour-paris-rosas-rojas-merida,https://delour.mx/rails/active_storage/blobs/proxy/eyJfcmFpbHMiOnsiZGF0YSI6OTMyLCJwdXIiOiJibG9iX2lkIn19--1809c414319887220c008367e2b06993709f1b63/Amour-de-Pari%CC%81s-ramo-de-rosas-en-merida.webp,Delour,2899
66,Melodía d'Amour – Ramo Premium Mérida | Delour Floristería,Sorprende con Melodía d'Amour: rosas rosadas premium y statice morado. Entrega a domicilio en Mérida. ¡Ordena ya en Delour Floristería!,in_stock,new,1450.00 MXN,https://delour.mx/productos/melodia-amour-merida,https://delour.mx/rails/active_storage/blobs/proxy/eyJfcmFpbHMiOnsiZGF0YSI6NzUxLCJwdXIiOiJibG9iX2lkIn19--a705358e26c6e16142bd88ae11192667fd97e844/Melodia-de-amour-ramo-de-flores-en-merida.webp,Delour,2899
74,Coral Bera – Ramo de lujo en Mérida | Delour Floristería,"Ordena el exclusivo ramo Coral Bera y recibe entrega de flores a domicilio en Mérida. Calidad premium, diseño europeo, compra segura en Delour Floristería.",in_stock,new,1499.00 MXN,https://delour.mx/productos/coral-bera-ramo-lujo-merida,https://delour.mx/rails/active_storage/blobs/proxy/eyJfcmFpbHMiOnsiZGF0YSI6MTExNywicHVyIjoiYmxvYl9pZCJ9fQ==--15781641f1c7c0b7db31d2f86f464e28be5385ec/Coral-Bera-ramo-de-gerberas-en-merida.webp,Delour,2899
76,Champ de Tulipes Mérida | Delour Floristería,"Disfruta del exclusivo ramo Champ de Tulipes con tulipanes premium, rosas y claveles. Entrega a domicilio en Mérida, Yucatán. Ordena ahora.",in_stock,new,1985.00 MXN,https://delour.mx/productos/champ-tulipes-merida,https://delour.mx/rails/active_storage/blobs/proxy/eyJfcmFpbHMiOnsiZGF0YSI6OTEwLCJwdXIiOiJibG9iX2lkIn19--f97225701877528866c0cb497604a71618be0bee/Champ-de-tulipes-ramo-de-tulipanes-en-me%CC%81rida.webp,Delour,2899
81,La Vie en Rose - Ramo Premium en Mérida | Delour Floristería,Ramo La Vie en Rose con rosas inglesas y calalilis premium. Entrega rápida a domicilio en Mérida. Compra ahora y sorprende con lujo floral.,in_stock,new,2799.00 MXN,https://delour.mx/productos/vie-rose-merida-domicilio,https://delour.mx/rails/active_storage/blobs/proxy/eyJfcmFpbHMiOnsiZGF0YSI6MTAyNywicHVyIjoiYmxvYl9pZCJ9fQ==--0f35a598b2ec87eb6ba7fcf9f45b1bd447df5576/La-vie-en-rose-ramos-de-rosas-en-merida.webp,Delour,2899
22,Suspiro Floral: Rosas Blush en Mérida | Delour,"El Suspiro Floral de Delour Floristería une rosas blush y flores blancas para un toque romántico y elegante. Entrega a domicilio en Mérida, Yucatán. ¡Celebra momentos especiales con estilo exclusivo!",in_stock,new,2100.00 MXN,https://delour.mx/productos/suspiro-floral-entrega-merida,https://delour.mx/rails/active_storage/blobs/proxy/eyJfcmFpbHMiOnsiZGF0YSI6OTgsInB1ciI6ImJsb2JfaWQifX0=--a1565b06cfd2559c1644e920d584a2cd5de4a8b3/49.webp,Delour,2899
24,Bouquet Sol Mérida | Delour Floristería,Bouquet Sol vibrante entrega en Mérida. Girasoles y alegría floral. ¡Obsequia momentos con Delour Floristería!,in_stock,new,1650.00 MXN,https://delour.mx/productos/sol-bouquet-merida-delour-flores,https://delour.mx/rails/active_storage/blobs/proxy/eyJfcmFpbHMiOnsiZGF0YSI6NjY3LCJwdXIiOiJibG9iX2lkIn19--66b5e3630c351978196fe20a2cc7beca44f25bda/Ramo-de-girasoles-en-merida.webp,Delour,2899
82,Homenaje – Condolencias en Mérida | Delour Floristería,"Envía el arreglo Homenaje, flores blancas de lujo para condolencias, con entrega a domicilio en Mérida, Yucatán. Ordena ahora y brinda consuelo.",in_stock,new,1899.00 MXN,https://delour.mx/productos/homenaje-condolencias-merida-domicilio,https://delour.mx/rails/active_storage/blobs/proxy/eyJfcmFpbHMiOnsiZGF0YSI6MTAzNiwicHVyIjoiYmxvYl9pZCJ9fQ==--16f4ec754f4bac6819889ae2f50363257a00d2a2/Homenaje-disen%CC%83os-condolencias-luctuosos-en-merida.webp,Delour,2899
25,Sharon Bloom: Arreglo Floral Exclusivo en Mérida - Delour,"Descubre Sharon Bloom, diseño floral romántico con rosas coral y eucalipto. Entrega a domicilio en Mérida, Yucatán. Sorprende con elegancia de Delour Floristería. ¡Ordena ahora!",in_stock,new,3400.00 MXN,https://delour.mx/productos/sharon-bloom-arreglo-floral-merida-yucatan,https://delour.mx/rails/active_storage/blobs/proxy/eyJfcmFpbHMiOnsiZGF0YSI6MjUyLCJwdXIiOiJibG9iX2lkIn19--6e6610bca1b7c68ba3bc0efc8b204d2d0ddb6e1b/Sharon-bloom-floreria-en-merida.webp,Delour,2899
35,Ciel Bleu: Arreglo Elegante Delour Mérida,"Descubre el arreglo Ciel Bleu de Delour Floristería: rosas marfil y claveles blancos para elegancia minimalista. Entrega rápida a domicilio en Mérida, Yucatán. Ordena ahora y obsequia sofisticación.",in_stock,new,1250.00 MXN,https://delour.mx/productos/ciel-bleu-arreglo-floral-merida-yucatan,https://delour.mx/rails/active_storage/blobs/proxy/eyJfcmFpbHMiOnsiZGF0YSI6NjQsInB1ciI6ImJsb2JfaWQifX0=--ca1990b0c02605d142e7c1a52f7766cf42be9fab/11.webp,Delour,2899
77,Doucelle: Flores Lujosas Mérida | Delour Floristería,"Descubre Doucelle, ramo de diseño exclusivo en Mérida. Flores premium con entrega a domicilio. ¡Regala elegancia y dulzura con Delour Floristería!",in_stock,new,1480.00 MXN,https://delour.mx/productos/ramo-doucelle-merida-yucatan,https://delour.mx/rails/active_storage/blobs/proxy/eyJfcmFpbHMiOnsiZGF0YSI6OTIxLCJwdXIiOiJibG9iX2lkIn19--27b9690507fb3905abc2d004f04c08d9bd9d5749/Doucelle-floreri%CC%81as-en-me%CC%81rida.webp,Delour,2899
79,Fiorenza – Arreglo de lujo en Mérida | Delour Floristería,"Descubre Fiorenza, arreglo floral premium de la colección Selectos 2026. Entrega rápida en Mérida, Yucatán. Haz tu pedido hoy y sorprende con elegancia.",in_stock,new,2550.00 MXN,https://delour.mx/productos/fiorenza-arte-floral-merida,https://delour.mx/rails/active_storage/blobs/proxy/eyJfcmFpbHMiOnsiZGF0YSI6OTk0LCJwdXIiOiJibG9iX2lkIn19--81d11081eb5a09b492d18a0dd8b7cd660bd3c3ff/Fiorenza-florerias-en-merida-envio-a-domicilio.webp,Delour,2899
83,Nube de Amour – Floristería Premium en Mérida | Delour,"Descubre Nube de Amour, el arreglo floral premium con orquídea Phalaenopsis y rosas, entrega rápida en Mérida. Ordena ahora y sorprende.",in_stock,new,3499.00 MXN,https://delour.mx/productos/nube-amour-premium-merida-domicilio,https://delour.mx/rails/active_storage/blobs/proxy/eyJfcmFpbHMiOnsiZGF0YSI6MTA1MywicHVyIjoiYmxvYl9pZCJ9fQ==--d000a138162217189fa2348046a221b111c0c1c8/Nube-de-amour-orquidias-en-merida.webp,Delour,2899
34,Paraíso Tropical Delour: Flores en Mérida (48 caracteres),"Descubre el vibrante arreglo Paraíso Tropical de Delour Floristería: aves del paraíso, lirios y rosas exóticas para alegrar cualquier ocasión. Entrega rápida a domicilio en Mérida, Yucatán. ¡Obsequia momentos únicos hoy!",in_stock,new,2950.00 MXN,https://delour.mx/productos/paraiso-tropical-arreglo-floral-merida,https://delour.mx/rails/active_storage/blobs/proxy/eyJfcmFpbHMiOnsiZGF0YSI6MjQ0LCJwdXIiOiJibG9iX2lkIn19--76068cf149dc00b7319aca9adcea5ef599baf367/paraiso-tropical-arreglos-florales-en-merida.webp,Delour,2899
85,Rouge Imperial – Flores lujo Mérida | Delour Floristería,"Descubre Rouge Imperial, el arreglo floral premium de autor con rosas rojas y diseños exclusivos. Entrega rápida en Mérida. ¡Ordena ahora!",in_stock,new,1999.00 MXN,https://delour.mx/productos/rouge-imperial-merida-domicilio,https://delour.mx/rails/active_storage/blobs/proxy/eyJfcmFpbHMiOnsiZGF0YSI6MTA3NywicHVyIjoiYmxvYl9pZCJ9fQ==--251fc1be5d30d63e8deba1fc07aa6569e89f7092/Rouge-imperial-disen%CC%83os-florales-en-merida.webp,Delour,2899
60,Raíz de Tradición: Arreglo Floral en Mérida | Delour,"Raíz de Tradición: elegante arreglo con rosas blush y lirios blancos en Delour Floristería. Expresa amor y gratitud con flores premium. Entrega a domicilio en Mérida, Yucatán. ¡Pide ahora!",in_stock,new,1600.00 MXN,https://delour.mx/productos/raiz-tradicion-arreglo-floral-elegante-merida,https://delour.mx/rails/active_storage/blobs/proxy/eyJfcmFpbHMiOnsiZGF0YSI6MjI4LCJwdXIiOiJibG9iX2lkIn19--3edc8f9819ab711083898b9e77e619c6496d49d1/raiz-de-tradicion-arreglo-floral-en-merida.png,Delour,2899
36,Encanto Pastel: Ramo Elegante en Mérida | Delour,"Descubre el ramo Encanto Pastel de Delour Floristería: tonos pastel románticos para momentos especiales. Entrega a domicilio en Mérida, Yucatán. ¡Sorprende con elegancia hoy!",in_stock,new,1450.00 MXN,https://delour.mx/productos/encanto-pastel-ramo-flores-merida-yucatan,https://delour.mx/rails/active_storage/blobs/proxy/eyJfcmFpbHMiOnsiZGF0YSI6NjEsInB1ciI6ImJsb2JfaWQifX0=--958b2f927ec6aba16618fe6e73168a90820ebd38/8.webp,Delour,2899
72,Jardín Grace – Flores de condolencia en Mérida | Delour,"Envía el elegante arreglo Jardín de Grace a quien lo necesite. Entrega puntual en Mérida, Yucatán. Compra ahora y muestra tu apoyo.",in_stock,new,3330.00 MXN,https://delour.mx/productos/jardin-grace-entrega-merida,https://delour.mx/rails/active_storage/blobs/proxy/eyJfcmFpbHMiOnsiZGF0YSI6ODYwLCJwdXIiOiJibG9iX2lkIn19--bca1b1d0806e789f51b92639d919a62acd7c38cd/Jardin-de-grace-arreglos-florales-condolencias-luctuosos-en-merida.webp,Delour,2899
58,Raíz Sencilla: Arreglo Floral Delicado en Mérida | Delour,"Descubre Raíz Sencilla, un arreglo floral elegante con rosas blush y eucalipto para momentos serenos. Entrega rápida a domicilio en Mérida, Yucatán. Ordena en Delour Floristería y sorprende con sutileza.",in_stock,new,1100.00 MXN,https://delour.mx/productos/raiz-sencilla-arreglo-floral-merida,https://delour.mx/rails/active_storage/blobs/proxy/eyJfcmFpbHMiOnsiZGF0YSI6NjYzLCJwdXIiOiJibG9iX2lkIn19--8df6587f982b706e24f5c87bf6e38de30e782edd/Raiz-sencilla-ramo-de-flores-en-merida.webp,Delour,2899
61,Mademoiselle by Delour: Lujo Floral Mérida,Descubre Mademoiselle by Delour en Mérida: Arreglos florales de lujo con orquídeas y rosas inglesas. ¡Entrega a domicilio en Yucatán!,in_stock,new,6800.00 MXN,https://delour.mx/productos/mademoiselle-delour-flores-merida,https://delour.mx/rails/active_storage/blobs/proxy/eyJfcmFpbHMiOnsiZGF0YSI6MjMyLCJwdXIiOiJibG9iX2lkIn19--ff9188c060ebea06269078284e9329e27b773058/Mademoiselle-disen%CC%83o-flora-premium-merida.webp,Delour,2899
54,Raíz de Gratitud: Flores Delour en Mérida,"Expresa gratitud profunda con Raíz de Gratitud de Delour Floristería: rosas suaves y claveles pastel en diseño elegante. Entrega a domicilio en Mérida, Yucatán. ¡Ordena ahora y conecta con amor!",in_stock,new,1900.00 MXN,https://delour.mx/productos/raiz-gratitud-arreglo-floral-merida,https://delour.mx/rails/active_storage/blobs/proxy/eyJfcmFpbHMiOnsiZGF0YSI6MTgyLCJwdXIiOiJibG9iX2lkIn19--f6176572efb2ca05f039eff561ac3fb222c754b6/13.webp,Delour,2899
55,Raíz de Calma: Flores Exclusivas en Mérida - Delour,"Descubre Raíz de Calma, arreglo floral sereno con rosas marfil y eucalipto para momentos de paz. Entrega a domicilio en Mérida, Yucatán. Ordena ahora en Delour Floristería y regala calma elegante.",in_stock,new,1450.00 MXN,https://delour.mx/productos/raiz-calma-arreglo-floral-merida-yucatan,https://delour.mx/rails/active_storage/blobs/proxy/eyJfcmFpbHMiOnsiZGF0YSI6NjQ4LCJwdXIiOiJibG9iX2lkIn19--795333d54e144be195221d5c7582d0fabf898376/84.webp,Delour,2899
57,Raíz de Cielo: Arreglo Floral en Mérida | Delour,"Descubre Raíz de Cielo, arreglo floral de lujo con rosas blush y hortensia azul para paz y armonía. Entrega rápida a domicilio en Mérida, Yucatán. Ordena en Delour Floristería hoy.",in_stock,new,1450.00 MXN,https://delour.mx/productos/raiz-cielo-arreglo-floral-merida-yucatan,https://delour.mx/rails/active_storage/blobs/proxy/eyJfcmFpbHMiOnsiZGF0YSI6MjI0LCJwdXIiOiJibG9iX2lkIn19--9600915cf4eb2741a8b8cdad22b1ab5273ba81ef/raiz-de-cielo-arreglos-florales-merida.webp,Delour,2899
59,Raíz Sofisticada: Flores y Vino en Mérida - Delour,"Eleva tus regalos con Raíz Sofisticada: rosas blush, gerberas rosadas y vino rosé en Delour Floristería. Entrega a domicilio en Mérida, Yucatán. ¡Sorprende con elegancia hoy!",in_stock,new,3100.00 MXN,https://delour.mx/productos/raiz-sofisticada-arreglo-floral-vino-merida,https://delour.mx/rails/active_storage/blobs/proxy/eyJfcmFpbHMiOnsiZGF0YSI6MjIwLCJwdXIiOiJibG9iX2lkIn19--7643bab0445ff6cbc55af6ff5229624591d76f25/Raiz-sofisticada-arreglo-floral-merida.webp,Delour,2899
49,Raíz de Amor: Arreglo Exclusivo en Mérida - Delour,"Expresa amor profundo con Raíz de Amor, diseño floral de lujo con rosas marfil y hortensias. Entrega a domicilio en Mérida, Yucatán. Ordena en Delour Floristería hoy.",in_stock,new,1950.00 MXN,https://delour.mx/productos/raiz-amor-arreglo-floral-merida,https://delour.mx/rails/active_storage/blobs/proxy/eyJfcmFpbHMiOnsiZGF0YSI6MTc3LCJwdXIiOiJibG9iX2lkIn19--48199c7cc8be87589d8d47d1daec4511f013455b/2.webp,Delour,2899
37,Pasión Floral en Mérida | Delour Floristería,"Celebra con Pasión Floral, un arreglo de rosas rojas y vinos que transmite elegancia y vitalidad. Entrega rápida en Mérida, Yucatán por Delour Floristería. ¡Ordena ahora y sorprende!",in_stock,new,1850.00 MXN,https://delour.mx/productos/pasion-floral-arreglo-merida,https://delour.mx/rails/active_storage/blobs/proxy/eyJfcmFpbHMiOnsiZGF0YSI6NTksInB1ciI6ImJsb2JfaWQifX0=--84059825405fc82a3f0a9f3f8af5e397b2b97f05/5.webp,Delour,2899
75,Solea Fruit: Rosas Premium Mérida | Delour,"Descubre Solea Fruit, ramo de rosas vibrantes en Mérida. Entrega a domicilio. ¡Alegría y elegancia con Delour Floristería!",in_stock,new,1540.00 MXN,https://delour.mx/productos/solea-fruit-rosas-merida,https://delour.mx/rails/active_storage/blobs/proxy/eyJfcmFpbHMiOnsiZGF0YSI6ODk5LCJwdXIiOiJibG9iX2lkIn19--58c246f188da0ce800663c1122aba9b6d409e329/Solea-Fruit-ramo-de-rosas-en-merida.webp,Delour,2899
50,Raíz de Felicidad: Flores Lujo Mérida - Delour,"Celebra la alegría con Raíz de Felicidad, arreglo vibrante de rosas y gerberas en Delour Floristería. Entrega a domicilio en Mérida, Yucatán. ¡Regala emoción exclusiva ahora!",in_stock,new,1800.00 MXN,https://delour.mx/productos/raiz-felicidad-arreglo-floral-merida-delour,https://delour.mx/rails/active_storage/blobs/proxy/eyJfcmFpbHMiOnsiZGF0YSI6MTc4LCJwdXIiOiJibG9iX2lkIn19--93bbbf8250b264d1e8ad1010b22fea994cdc1e01/3.webp,Delour,2899
47,Raíz de Vida: Flores para Mamá en Mérida | Delour,"Raíz de Vida: Arreglo floral exclusivo para Día de las Madres con lirios, rosas y follaje en Delour Floristería. Entrega rápida a domicilio en Mérida, Yucatán. ¡Honra a mamá con elegancia!",in_stock,new,2900.00 MXN,https://delour.mx/productos/raiz-vida-arreglo-floral-merida,https://delour.mx/rails/active_storage/blobs/proxy/eyJfcmFpbHMiOnsiZGF0YSI6MTYwLCJwdXIiOiJibG9iX2lkIn19--b27426122dc5c94c951bf290b4e639e765f862fc/5.webp,Delour,2899
52,Raíz de Hogar: Arreglo Floral en Mérida | Delour,"Descubre Raíz de Hogar, arreglo floral de rosas durazno y lirios rosados para momentos cálidos en Mérida. Entrega a domicilio rápida en Yucatán. ¡Regala calidez con Delour Floristería hoy!",in_stock,new,1950.00 MXN,https://delour.mx/productos/raiz-hogar-arreglo-floral-merida,https://delour.mx/rails/active_storage/blobs/proxy/eyJfcmFpbHMiOnsiZGF0YSI6MTgwLCJwdXIiOiJibG9iX2lkIn19--2fc69687b1af29a08a8dae3caec3ded877fbccbc/rai%CC%81z-de-hogar-delour-merida.webp,Delour,2899
38,Sueño Rosé: Arreglo Floral Elegante en Mérida - Delour,"Descubre Sueño Rosé, arreglo floral de rosas rosadas y flores pastel en Delour Floristería. Elegancia y serenidad para ocasiones especiales. Entrega a domicilio en Mérida, Yucatán. ¡Ordena ahora y obsequia momentos inolvidables!",in_stock,new,1900.00 MXN,https://delour.mx/productos/sueno-rose-arreglo-floral-merida-yucatan,https://delour.mx/rails/active_storage/blobs/proxy/eyJfcmFpbHMiOnsiZGF0YSI6NTYsInB1ciI6ImJsb2JfaWQifX0=--c3e3fc3590bcd2109f1038325a792ba88cdc5800/2.webp,Delour,2899
48,Raíz de Abrigo: Flores para Mamá en Mérida | Delour,"Envuelve a mamá en calidez con Raíz de Abrigo: rosas blush y gerberas en canasta tejida. Entrega a domicilio en Mérida, Yucatán por Delour Floristería. ¡Regala amor eterno hoy!",in_stock,new,2500.00 MXN,https://delour.mx/productos/raiz-abrigo-arreglo-floral-merida,https://delour.mx/rails/active_storage/blobs/proxy/eyJfcmFpbHMiOnsiZGF0YSI6MTYxLCJwdXIiOiJibG9iX2lkIn19--d5081b4e7334f72b347a3d5f2046799e5be2404b/4.webp,Delour,2899
42,Raíz de Alegría: Flores para Mamá en Mérida | Delour,"Raíz de Alegría: arreglo floral vibrante con gerberas amarillas y rosas coral para el Día de las Madres. Entrega a domicilio en Mérida, Yucatán. ¡Regala calidez con Delour Floristería!",in_stock,new,1800.00 MXN,https://delour.mx/productos/raiz-alegria-arreglo-floral-merida-delour,https://delour.mx/rails/active_storage/blobs/proxy/eyJfcmFpbHMiOnsiZGF0YSI6MTU3LCJwdXIiOiJibG9iX2lkIn19--18db301a7b6b2d9a60651c7d9382de3d3c180cb2/8.webp,Delour,2899
33,Sol Radiante: Flores Luminosas en Mérida - Delour,"Ilumina ocasiones especiales con el arreglo Sol Radiante de Delour Floristería: rosas amarillas vibrantes y tonos cálidos. Entrega a domicilio en Mérida, Yucatán. ¡Ordena ahora y celebra con estilo!",in_stock,new,2650.00 MXN,https://delour.mx/productos/sol-radiante-arreglo-floral-merida,https://delour.mx/rails/active_storage/blobs/proxy/eyJfcmFpbHMiOnsiZGF0YSI6NjksInB1ciI6ImJsb2JfaWQifX0=--6f0afb17074ed5bf7586adf713fb118ba2b149d4/16.webp,Delour,2899
32,Jardín Imperial Exclusivo en Mérida | Delour Floristería,"Eleva tus eventos con el Jardín Imperial: arreglo floral vertical de rosas coral y tonos vibrantes. Entrega a domicilio en Mérida, Yucatán por Delour Floristería. ¡Crea momentos inolvidables hoy!",in_stock,new,3650.00 MXN,https://delour.mx/productos/jardin-imperial-arreglo-floral-merida,https://delour.mx/rails/active_storage/blobs/proxy/eyJfcmFpbHMiOnsiZGF0YSI6NzEsInB1ciI6ImJsb2JfaWQifX0=--9b27afc729e523ba9aeb34b334f3f52ebb079162/18.webp,Delour,2899
31,Jardín de Marfil Delour: Flores Elegantes Mérida,"Arreglo floral Jardín de Marfil en tonos marfil y crema para momentos sofisticados. Delour Floristería ofrece entrega a domicilio en Mérida, Yucatán. ¡Regala distinción ahora!",in_stock,new,1650.00 MXN,https://delour.mx/productos/jardin-marfil-arreglo-floral-merida,https://delour.mx/rails/active_storage/blobs/proxy/eyJfcmFpbHMiOnsiZGF0YSI6NzMsInB1ciI6ImJsb2JfaWQifX0=--3fc35a99dfb15cdcee09c4fb07914f2d393f495b/19.webp,Delour,2899
30,Dulce Jardín: Arreglo Floral en Mérida | Delour,"Celebra la primavera con Dulce Jardín: rosas pastel y flores delicadas en diseño exclusivo. Entrega rápida a domicilio en Mérida, Yucatán. ¡Sorprende con elegancia en Delour Floristería hoy!",in_stock,new,1800.00 MXN,https://delour.mx/productos/dulce-jardin-arreglo-floral-merida,https://delour.mx/rails/active_storage/blobs/proxy/eyJfcmFpbHMiOnsiZGF0YSI6MTE5LCJwdXIiOiJibG9iX2lkIn19--c5a7d8fafab370d0022913f4c71559f92a21e4fd/74.webp,Delour,2899
29,Flamingo Vibes: Arreglo Floral Exclusivo Mérida Delour,"Ilumina espacios con Flamingo Vibes: rosas amarillas, claveles vibrantes y orquídeas exóticas en Delour Floristería. Entrega a domicilio en Mérida, Yucatán. ¡Sorprende con alegría floral hoy!",in_stock,new,1500.00 MXN,https://delour.mx/productos/flamingo-vibes-arreglo-floral-domicilio-merida,https://delour.mx/rails/active_storage/blobs/proxy/eyJfcmFpbHMiOnsiZGF0YSI6NzksInB1ciI6ImJsb2JfaWQifX0=--1842aec9b7df9f03cc3924ca76ac95118bd877aa/24.webp,Delour,2899
28,Sinfonía Botánica: Flores de Lujo en Mérida | Delour,"Descubre Sinfonía Botánica en Delour Floristería: arreglos florales elegantes con lirios, rosas y follaje en tonos vibrantes. Entrega a domicilio en Mérida, Yucatán. ¡Obsequia abundancia y estilo hoy!",in_stock,new,3450.00 MXN,https://delour.mx/productos/sinfonia-botanica-arreglo-floral-merida,https://delour.mx/rails/active_storage/blobs/proxy/eyJfcmFpbHMiOnsiZGF0YSI6MjExLCJwdXIiOiJibG9iX2lkIn19--26c144175d4c44b30c20786c75599848f154120c/sinfonia-botanica-arreglo-floral-merida-yucatan.webp,Delour,2899
56,Raíz de Armonía Floral en Mérida - Delour Floristería,"Raíz de Armonía: arreglo floral sereno con rosas durazno y lila para gratitud o calma. Entrega exprés a domicilio en Mérida, Yucatán. Ordena lujo en Delour Floristería hoy.",in_stock,new,1400.00 MXN,https://delour.mx/productos/raiz-armonia-arreglo-floral-entrega-merida,https://delour.mx/rails/active_storage/blobs/proxy/eyJfcmFpbHMiOnsiZGF0YSI6MTg3LCJwdXIiOiJibG9iX2lkIn19--3a4345c94e5fd19d639d8953e6be40a0b6d74480/armonia%201250.png,Delour,2899
23,Amanecer Jardín: Arreglo Floral en Mérida | Delour,"Ilumina cualquier ocasión con Amanecer Jardín: gerberas amarillas y rosas durazno en diseño exclusivo. Entrega rápida a domicilio en Mérida, Yucatán por Delour Floristería. ¡Ordena ahora y regala frescura!",in_stock,new,1780.00 MXN,https://delour.mx/productos/amanecer-jardin-arreglo-floral-merida-yucatan,https://delour.mx/rails/active_storage/blobs/proxy/eyJfcmFpbHMiOnsiZGF0YSI6OTYsInB1ciI6ImJsb2JfaWQifX0=--951a70cfae435161394fc91ff3d3acd400dfdaab/47.webp,Delour,2899
26,Ambar Botánico: Arreglo Floral Exclusivo en Mérida | Delour,"Celebra con Ambar Botánico, arreglo contemporáneo de lirios naranjas y pampas en Delour Floristería. Entrega a domicilio en Mérida, Yucatán. ¡Obsequia elegancia y calidez otoñal hoy!",in_stock,new,1800.00 MXN,https://delour.mx/productos/ambar-botonico-arreglo-floral-merida,https://delour.mx/rails/active_storage/blobs/proxy/eyJfcmFpbHMiOnsiZGF0YSI6OTAsInB1ciI6ImJsb2JfaWQifX0=--ddd075da418435d9fa158fcaf600eb95ac780aa6/35.webp,Delour,2899
21,Arreglo Gratitud Floral Mérida | Delour Floristería,"Expresa gratitud con el vibrante Arreglo Gratitud Floral de Delour: rosas, claveles y lirios en tonos alegres. Entrega a domicilio en Mérida, Yucatán. ¡Ordena ahora y regala aprecio elegante!",in_stock,new,2200.00 MXN,https://delour.mx/productos/arreglo-gratitud-floral-merida-yucatan,https://delour.mx/rails/active_storage/blobs/proxy/eyJfcmFpbHMiOnsiZGF0YSI6MTAwLCJwdXIiOiJibG9iX2lkIn19--545dde0dca1f54c800f1cfdb4d1224e870987ae0/52.webp,Delour,2899
19,Arreglo Serenité en Mérida | Delour Floristería,"Expresa serenidad con el arreglo Serenité de Delour Floristería: rosas blancas y margaritas en Mérida, Yucatán. Ideal para condolencias. Entrega a domicilio rápida. ¡Ordena elegancia hoy!",in_stock,new,1300.00 MXN,https://delour.mx/productos/serenite-arreglo-floral-blanco-merida-yucatan,https://delour.mx/rails/active_storage/blobs/proxy/eyJfcmFpbHMiOnsiZGF0YSI6MTA2LCJwdXIiOiJibG9iX2lkIn19--9ff93a307655529b5560035ab0ac7b6a5c01b2bf/64.webp,Delour,2899
53,Raíz Romántica Delour - Flores Mérida Yucatán,"Expresa amor profundo con Raíz Romántica de Delour Floristería: rosas rojas, claveles y base de madera. Entrega a domicilio en Mérida, Yucatán. Ordena ahora para Día de las Madres y sorprende con lujo.",in_stock,new,1600.00 MXN,https://delour.mx/productos/raiz-romantica-arreglo-floral-merida-yucatan,https://delour.mx/rails/active_storage/blobs/proxy/eyJfcmFpbHMiOnsiZGF0YSI6MTgxLCJwdXIiOiJibG9iX2lkIn19--289de89bcdadbab86304307f2677d32538156bd8/12.webp,Delour,2899
17,Sakura Glow: Arreglo Floral Lujo Mérida - Delour,"Descubre Sakura Glow, elegante arreglo con orquídeas magenta y rosas vibrantes. Entrega a domicilio en Mérida, Yucatán. Sorprende con diseño exclusivo de Delour Floristería. ¡Ordena ahora y transforma espacios!",in_stock,new,1900.00 MXN,https://delour.mx/productos/sakura-glow-arreglo-floral-merida,https://delour.mx/rails/active_storage/blobs/proxy/eyJfcmFpbHMiOnsiZGF0YSI6MjQ4LCJwdXIiOiJibG9iX2lkIn19--620aa4484c759d0e399f7906aacaf44ea92f2162/Sakura-glow-orquideas-en-merida.webp,Delour,2899
43,Raíz de Primavera: Flores para Mamá en Mérida - Delour,"Celebra el Día de las Madres con Raíz de Primavera, arreglo floral elegante con rosas blush y hortensias. Entrega a domicilio en Mérida, Yucatán. ¡Sorprende a mamá con Delour Floristería hoy!",in_stock,new,2100.00 MXN,https://delour.mx/productos/raiz-primavera-arreglo-floral-merida,https://delour.mx/rails/active_storage/blobs/proxy/eyJfcmFpbHMiOnsiZGF0YSI6MTU4LCJwdXIiOiJibG9iX2lkIn19--5ef544bd7c6078f92e6a98cb835199aa7bc65fdb/7.webp,Delour,2899
51,Raíz de Fortaleza: Flores para Mamá en Mérida - Delour,"Descubre Raíz de Fortaleza, arreglo floral de lujo que honra la fuerza de mamá con rosas rosas y diseño exclusivo. Entrega rápida a domicilio en Mérida, Yucatán. ¡Ordena ahora en Delour Floristería!",in_stock,new,1800.00 MXN,https://delour.mx/productos/raiz-fortaleza-arreglo-flores-merida-delour,https://delour.mx/rails/active_storage/blobs/proxy/eyJfcmFpbHMiOnsiZGF0YSI6MTc5LCJwdXIiOiJibG9iX2lkIn19--adad47f556bcf21b8fd6b632fea7df8ee2842125/14.webp,Delour,2899
39,Raíz de Ternura: Arreglo Delour en Mérida,"Descubre Raíz de Ternura, arreglo floral elegante con rosas blush para el Día de las Madres. Entrega rápida en Mérida, Yucatán. Expresa amor profundo con Delour Floristería. ¡Ordena ahora!",in_stock,new,1900.00 MXN,https://delour.mx/productos/raiz-ternura-arreglo-floral-merida,https://delour.mx/rails/active_storage/blobs/proxy/eyJfcmFpbHMiOnsiZGF0YSI6MTU0LCJwdXIiOiJibG9iX2lkIn19--397ad7403d708bf2b4e75f7c1a7dd1c44e8a27fa/11.webp,Delour,2899
16,Susurro Rosé: Flores de Lujo en Mérida - Delour,"Descubre Susurro Rosé, un arreglo floral romántico con rosas pastel y lirios en Mérida. Entrega a domicilio rápida en Yucatán. Sorprende con elegancia de Delour Floristería. ¡Ordena ahora!",in_stock,new,2300.00 MXN,https://delour.mx/productos/susurro-rose-arreglo-floral-merida,https://delour.mx/rails/active_storage/blobs/proxy/eyJfcmFpbHMiOnsiZGF0YSI6MTE1LCJwdXIiOiJibG9iX2lkIn19--a5493df171ffb31ae09f1a25ec85dd17c286a21d/70.webp,Delour,2899
13,Promesa Rosa: Bouquet Elegante en Mérida | Delour,"El bouquet Promesa Rosa de Delour Floristería evoca romanticismo con rosas blush y lirios frescos. Ideal para aniversarios y gratitud. Entrega a domicilio en Mérida, Yucatán. ¡Ordena ya tu arreglo exclusivo!",in_stock,new,1600.00 MXN,https://delour.mx/productos/promesa-rosa-entrega-merida-yucatan,https://delour.mx/rails/active_storage/blobs/proxy/eyJfcmFpbHMiOnsiZGF0YSI6MTIzLCJwdXIiOiJibG9iX2lkIn19--57045979f12b0d8751005251bca599c8a56bf79c/78.webp,Delour,2899
11,Escarlata Delour: Rosas Rojas Premium Mérida | Delour,"Escarlata Delour: Arreglo floral sofisticado con rosas rojas y lisianthus morado. Entrega en Mérida, Yucatán, para aniversarios inolvidables. ¡Obsequia pasión con Delour Floristería hoy!",in_stock,new,1850.00 MXN,https://delour.mx/productos/escarlata-delour-arreglo-floral-merida,https://delour.mx/rails/active_storage/blobs/proxy/eyJfcmFpbHMiOnsiZGF0YSI6MTI3LCJwdXIiOiJibG9iX2lkIn19--6a1c526828551ca63ee5680d2c96ad0cc1f28afe/39.webp,Delour,2899
10,Arreglo Carmesí Delour en Mérida | Delour Floristería,"Descubre el arreglo Carmesí Delour: rosas rojas premium y tonos morados en diseño exclusivo. Entrega rápida a domicilio en Mérida, Yucatán. Obsequia sofisticación con Delour Floristería. ¡Pide ahora!",in_stock,new,2050.00 MXN,https://delour.mx/productos/arreglo-floral-carmesi-delour-merida,https://delour.mx/rails/active_storage/blobs/proxy/eyJfcmFpbHMiOnsiZGF0YSI6NjM1LCJwdXIiOiJibG9iX2lkIn19--eb5179c1f676b55ce01fd267836273a02b65817b/Carmesi%CC%81-Delour-Ramos-rosas-en-merida.webp,Delour,2899
9,Eterno Carmín: Rosas Rojas Premium Mérida | Delour,"Descubre Eterno Carmín, arreglo de rosas rojas intensas para amor apasionado. Entrega rápida en Mérida, Yucatán por Delour Floristería. ¡Obsequia elegancia ahora!",in_stock,new,2250.00 MXN,https://delour.mx/productos/eterno-carm%C3%ADn-rosas-rojas-merida-delour,https://delour.mx/rails/active_storage/blobs/proxy/eyJfcmFpbHMiOnsiZGF0YSI6MTMxLCJwdXIiOiJibG9iX2lkIn19--02246b5ece1f6bc647cb21c29d668fa831f77f7a/35.webp,Delour,2899
70,Obsidiana Rouge: Flores de Lujo Mérida | Delour,Descubre Obsidiana Rouge en Delour Mérida. Elegancia floral con rosas premium en Yucatán. ¡Entrega a domicilio!,in_stock,new,3870.00 MXN,https://delour.mx/productos/obsidiana-rouge-merida-delour,https://delour.mx/rails/active_storage/blobs/proxy/eyJfcmFpbHMiOnsiZGF0YSI6ODMwLCJwdXIiOiJibG9iX2lkIn19--169688a020c9346d4c4085a7f9f94a4f47411ab6/Obsidiana-rouge-disen%CC%83os-florales-premium-en-merida.webp,Delour,2899
73,Peonía Mousse Mérida | Delour Floristería,"Descubre Peonía Mousse en Mérida, Yucatán. Elegancia floral única de Delour. ¡Pide tu ramo de peonías hoy y disfruta de entrega a domicilio!",in_stock,new,5600.00 MXN,https://delour.mx/productos/peonia-mousse-merida-delour,https://delour.mx/rails/active_storage/blobs/proxy/eyJfcmFpbHMiOnsiZGF0YSI6ODcwLCJwdXIiOiJibG9iX2lkIn19--58394946f70079fe7665b8a06e92cc0cb217dc24/Peoni%CC%81a-Mousse-ramo-de-peoni%CC%81as-en-me%CC%81rida.webp,Delour,2899
80,Bleu Céleste – Hortensias Azules Mérida | Delour Floristería,Regala elegancia con el ramo Bleu Céleste de hortensias azules y rosas blancas. Envío rápido y fresco a domicilio en Mérida. ¡Ordena ahora!,in_stock,new,1399.00 MXN,https://delour.mx/productos/bleu-celeste-floristeria-merida,https://delour.mx/rails/active_storage/blobs/proxy/eyJfcmFpbHMiOnsiZGF0YSI6OTgxLCJwdXIiOiJibG9iX2lkIn19--3e5c3f7ef9ab4a80a52b0424b25e29f6ca99ce24/Bleu%20Ce%CC%81leste-ramos-de-flores-en-merida.webp,Delour,2899
84,Rouge Impérial – Flores Premium en Mérida | Delour,"Descubre Rouge Impérial, arreglo floral artificial premium de rojos intensos. Entrega rápida en Mérida. Compra ahora en Delour Floristería.",in_stock,new,3899.00 MXN,https://delour.mx/productos/rouge-imperial-merida,https://delour.mx/rails/active_storage/blobs/proxy/eyJfcmFpbHMiOnsiZGF0YSI6MTA2NCwicHVyIjoiYmxvYl9pZCJ9fQ==--f3352f694b7e54ec209f47a54800791c35a5c6b6/Rouge-eternel-flores-artificiales-en-merida.webp,Delour,2899
